split,selection_stratum,source_count,selected_count
test,Female|1-10|none,34,1
test,Female|1-10|over_half,29,1
test,Female|1-10|up_to_half,47,2
test,Female|11-20|over_half,416,14
test,Female|11-20|up_to_half,551,18
test,Female|21+|none,1,0
test,Female|21+|over_half,1185,38
test,Female|21+|up_to_half,1801,59
test,Male|1-10|none,31,1
test,Male|1-10|over_half,33,1
test,Male|1-10|up_to_half,41,1
test,Male|11-20|over_half,529,17
test,Male|11-20|up_to_half,654,21
test,Male|21+|over_half,1581,51
test,Male|21+|up_to_half,2298,75
train,Female|1-10|none,91,6
train,Female|1-10|over_half,97,7
train,Female|1-10|up_to_half,146,10
train,Female|11-20|over_half,1544,112
train,Female|11-20|up_to_half,1728,125
train,Female|21+|over_half,4296,311
train,Female|21+|up_to_half,6603,478
train,Male|1-10|none,83,6
train,Male|1-10|over_half,97,7
train,Male|1-10|up_to_half,137,10
train,Male|11-20|over_half,1950,141
train,Male|11-20|up_to_half,2503,181
train,Male|21+|over_half,5763,417
train,Male|21+|up_to_half,8136,589
validation,Female|1-10|none,6,1
validation,Female|1-10|over_half,11,1
validation,Female|1-10|up_to_half,8,1
validation,Female|11-20|over_half,170,14
validation,Female|11-20|up_to_half,202,16
validation,Female|21+|none,1,0
validation,Female|21+|over_half,510,41
validation,Female|21+|up_to_half,740,60
validation,Male|1-10|none,12,1
validation,Male|1-10|over_half,15,1
validation,Male|1-10|up_to_half,14,1
validation,Male|11-20|over_half,232,19
validation,Male|11-20|up_to_half,259,21
validation,Male|21+|over_half,589,48
validation,Male|21+|up_to_half,919,75
